{
	"class_name" : "PinholeCameraParameters",
	"extrinsic" : 
	[
		1.0,
		-0.0,
		-0.0,
		0.0,
		0.0,
		-1.0,
		-0.0,
		0.0,
		0.0,
		-0.0,
		-1.0,
		0.0,
		0.03987018188656366,
		0.62972148875395439,
		4.6879871028793278,
		1.0
	],
	"intrinsic" : 
	{
		"height" : 759,
		"intrinsic_matrix" : 
		[
			657.31328147238901,
			0.0,
			0.0,
			0.0,
			657.31328147238901,
			0.0,
			719.5,
			379.0,
			1.0
		],
		"width" : 1440
	},
	"version_major" : 1,
	"version_minor" : 0
}